Date,EURUSD_Open,EURUSD_High,EURUSD_Low,EURUSD_Close,EURUSD_Volume,GBPUSD_Open,GBPUSD_High,GBPUSD_Low,GBPUSD_Close,GBPUSD_Volume,AUDUSD_Open,AUDUSD_High,AUDUSD_Low,AUDUSD_Close,AUDUSD_Volume,USDCAD_Open,USDCAD_High,USDCAD_Low,USDCAD_Close,USDCAD_Volume,USDCHF_Open,USDCHF_High,USDCHF_Low,USDCHF_Close,USDCHF_Volume,USDJPY_Open,USDJPY_High,USDJPY_Low,USDJPY_Close,USDJPY_Volume,NZDUSD_Open,NZDUSD_High,NZDUSD_Low,NZDUSD_Close,NZDUSD_Volume,XAUUSD_Open,XAUUSD_High,XAUUSD_Low,XAUUSD_Close,XAUUSD_Volume,XAGUSD_Open,XAGUSD_High,XAGUSD_Low,XAGUSD_Close,XAGUSD_Volume,USOIL_Open,USOIL_High,USOIL_Low,USOIL_Close,USOIL_Volume,DXY_Open,DXY_High,DXY_Low,DXY_Close,DXY_Volume,CADJPY_Open,CADJPY_High,CADJPY_Low,CADJPY_Close,CADJPY_Volume
2020-01-31,1.12181,1.12242,1.09922,1.10939,0,1.32565,1.32656,1.29541,1.32051,0,0.70139,0.70191,0.66824,0.66877,0,1.29769,1.32525,1.29565,1.32342,0,0.96825,0.97662,0.96128,0.96334,0,108.698,110.284,107.649,108.347,0,0.67329,0.67367,0.64535,0.64627,0,1518.513,1611.414,1517.221,1588.874,0,17.888,18.846,17.358,18.024,0,61.208,65.35,51.044,51.626,0,,,,,,83.76,84.567,81.75,81.853,0
2020-02-29,1.1091,1.10912,1.07775,1.10227,0,1.3175,1.31826,1.27258,1.28179,0,0.66846,0.67737,0.64339,0.65092,0,1.32375,1.34638,1.32017,1.33984,0,0.96357,0.98481,0.96099,0.96501,0,108.427,112.221,107.509,107.916,0,0.64683,0.65022,0.61914,0.62454,0,1588.593,1689.262,1547.528,1586.092,0,18.042,18.937,16.386,16.676,0,51.151,54.552,43.952,45.333,0,,,,,,81.886,84.737,80.143,80.75,0
2020-03-31,1.10426,1.14962,1.06347,1.10257,0,1.2803,1.32,1.1414,1.24062,0,0.64746,0.66845,0.55086,0.61375,0,1.34366,1.46676,1.33146,1.4078,0,0.96297,0.99004,0.91811,0.96157,0,107.565,111.71,101.182,107.509,0,0.6203,0.64475,0.54692,0.59493,0,1582.182,1703.248,1451.33,1579.052,0,16.485,17.59,11.282,13.957,0,44.258,48.649,20.594,22.405,0,,,,,,80.038,81.438,73.82,76.358,0
2020-04-30,1.10259,1.10359,1.07269,1.09447,0,1.24063,1.2647,1.21628,1.25807,0,0.61378,0.65694,0.59798,0.6494,0,1.40776,1.42977,1.38498,1.39517,0,0.96155,0.98014,0.95936,0.96646,0,107.508,109.377,106.356,107.281,0,0.59492,0.61755,0.58431,0.61187,0,1579.116,1746.722,1572.307,1687.831,0,13.958,15.834,13.811,14.955,0,22.408,32.18,8.416,21.142,0,,,,,,76.359,78.175,74.971,76.885,0
2020-05-31,1.09446,1.11449,1.07664,1.11155,0,1.25806,1.25813,1.20735,1.23448,0,0.64942,0.66828,0.63724,0.6658,0,1.39517,1.4172,1.37141,1.37781,0,0.96648,0.97838,0.95883,0.96065,0,107.28,108.082,105.971,107.707,0,0.61189,0.62394,0.59206,0.61968,0,1687.645,1764.809,1670.54,1739.705,0,14.958,18.09,14.704,18.049,0,21.133,35.998,19.587,35.367,0,,,,,,76.888,78.519,74.769,78.165,0
2020-06-30,1.11155,1.1422,1.11002,1.12334,0,1.2345,1.28127,1.22512,1.23877,0,0.66579,0.70637,0.66578,0.68991,0,1.37782,1.37816,1.3315,1.35743,0,0.96065,0.96501,0.93759,0.94713,0,107.708,109.846,106.071,107.989,0,0.61969,0.65842,0.6196,0.64494,0,1739.633,1785.804,1670.668,1782.905,0,18.047,18.372,16.946,18.19,0,35.375,41.618,34.427,39.596,0,,,,,,78.164,81.904,78.021,79.546,0
2020-07-31,1.12333,1.19085,1.11847,1.17746,0,1.23876,1.31697,1.23592,1.30833,0,0.68992,0.72269,0.68768,0.71422,0,1.35741,1.36455,1.33307,1.34106,0,0.94713,0.94935,0.9056,0.91296,0,107.99,108.16,104.185,105.819,0,0.64493,0.6715,0.64397,0.66283,0,1782.904,1982.596,1757.563,1975.032,0,18.189,26.181,17.757,24.328,0,39.595,42.496,38.704,40.567,0,,,,,,79.545,80.139,77.612,78.92,0
2020-08-31,1.17701,1.19657,1.16957,1.19365,0,1.30759,1.33953,1.2981,1.33631,0,0.71298,0.74029,0.7076,0.73769,0,1.34007,1.34505,1.30199,1.30384,0,0.91357,0.92408,0.89984,0.90403,0,105.761,107.046,105.1,105.995,0,0.6629,0.67628,0.64883,0.67319,0,1983.223,2074.005,1863.957,1967.795,0,24.759,29.837,23.422,28.116,0,40.263,43.834,39.726,43.02,0,,,,,,78.891,81.576,78.683,81.287,0
2020-09-30,1.19366,1.20107,1.16121,1.17231,0,1.33632,1.34819,1.26751,1.29157,0,0.7377,0.74131,0.70056,0.71645,0,1.30381,1.342,1.29938,1.3308,0,0.90403,0.92959,0.89987,0.92086,0,105.995,106.546,103.999,105.449,0,0.67321,0.67972,0.6511,0.66208,0,1967.834,1992.353,1848.339,1887.69,0,28.115,28.883,21.649,23.341,0,43.016,43.531,36.405,40.136,0,,,,,,81.289,81.455,78.365,79.228,0
2020-10-31,1.17233,1.18805,1.16398,1.1643,0,1.29158,1.31763,1.28194,1.29502,0,0.71648,0.72427,0.7002,0.70273,0,1.33077,1.33893,1.30805,1.332,0,0.92085,0.92181,0.90303,0.91679,0,105.449,106.104,104.022,104.595,0,0.66211,0.67233,0.65463,0.66128,0,1887.677,1933.234,1859.871,1878.914,0,23.341,25.541,22.573,23.636,0,40.134,41.891,35.06,35.89,0,,,,,,79.23,80.599,77.912,78.56,0
2020-11-30,1.16467,1.20029,1.16024,1.19367,0,1.29227,1.33973,1.28536,1.33337,0,0.70225,0.74064,0.69907,0.73582,0,1.3316,1.33696,1.29229,1.29898,0,0.91632,0.92072,0.89822,0.90808,0,104.536,105.673,103.161,104.293,0,0.66057,0.70504,0.65888,0.70171,0,1879.363,1965.475,1764.31,1778.763,0,23.609,25.985,21.882,22.644,0,34.505,46.279,33.809,45.259,0,,,,,,78.485,81.418,78.196,80.269,0
2020-12-31,1.19371,1.23096,1.19352,1.22166,0,1.33351,1.36858,1.31342,1.36666,0,0.73584,0.77419,0.73414,0.76958,0,1.2991,1.29915,1.26877,1.27316,0,0.90821,0.90836,0.87934,0.88466,0,104.303,104.748,102.871,103.254,0,0.70184,0.72404,0.70022,0.71834,0,1778.785,1906.723,1776.796,1894.443,0,22.645,27.385,22.599,26.336,0,45.272,49.404,43.983,48.432,0,,,,,,80.281,82.114,80.14,81.095,0
2021-01-31,1.22287,1.23492,1.20534,1.21211,0,1.36502,1.37583,1.34506,1.36958,0,0.77,0.78197,0.75916,0.76203,0,1.27284,1.28806,1.2589,1.27993,0,0.88348,0.8925,0.87575,0.89129,0,103.179,104.937,102.59,104.705,0,0.71874,0.73149,0.70958,0.71621,0,1909.364,1959.347,1802.588,1855.883,0,26.635,28.989,24.12,28.582,0,48.392,53.907,47.233,51.89,0,,,,,,81.101,82.201,80.554,81.785,0
2021-02-28,1.21226,1.22427,1.19521,1.20895,0,1.36972,1.42405,1.35662,1.39701,0,0.76203,0.80067,0.75634,0.77519,0,1.28004,1.28692,1.24675,1.26959,0,0.89145,0.91015,0.88709,0.90721,0,104.715,106.689,104.407,106.471,0,0.71636,0.7464,0.71344,0.72681,0,1855.828,1871.773,1717.105,1739.294,0,28.583,30.033,25.884,26.782,0,51.89,63.692,51.796,62.362,0,90.087,90.955,89.678,90.759,0.0,81.798,85.092,81.567,83.84,0
2021-03-31,1.20885,1.21008,1.17039,1.17268,0,1.39704,1.40167,1.36689,1.37853,0,0.7752,0.78488,0.75627,0.75935,0,1.26969,1.27367,1.23647,1.25637,0,0.90722,0.94583,0.90707,0.94389,0,106.47,110.962,106.364,110.754,0,0.72681,0.72919,0.69427,0.6982,0,1739.321,1759.808,1676.702,1707.442,0,26.782,27.056,23.763,24.414,0,62.362,67.84,57.305,59.569,0,90.757,93.422,90.668,93.19,0.0,83.839,88.236,83.774,88.143,0
2021-04-30,1.17267,1.21496,1.17125,1.20199,0,1.37852,1.40089,1.36683,1.38154,0,0.75937,0.78175,0.75315,0.77112,0,1.25634,1.26534,1.22656,1.22915,0,0.94388,0.94723,0.90797,0.91317,0,110.753,110.844,107.475,109.324,0,0.69821,0.72861,0.69452,0.716,0,1707.449,1797.812,1705.798,1768.832,0,24.415,26.628,24.235,25.893,0,59.55,65.365,57.637,63.398,0,93.18,93.317,90.411,91.281,0.0,88.144,89.04,85.421,88.935,0
2021-05-31,1.20236,1.22661,1.19857,1.22323,0,1.38102,1.42337,1.37995,1.42267,0,0.77172,0.78904,0.76747,0.7743,0,1.22893,1.23512,1.20126,1.20608,0,0.91191,0.91643,0.89304,0.89839,0,109.262,110.197,108.337,109.491,0,0.71678,0.7316,0.71151,0.72758,0,1767.114,1912.672,1766.102,1908.043,0,25.854,28.728,25.79,28.063,0,63.589,67.389,61.499,66.852,0,91.248,91.422,89.522,89.778,0.0,88.874,91.158,88.429,90.775,0
2021-06-30,1.22325,1.22539,1.18449,1.18557,0,1.42264,1.42478,1.37863,1.38281,0,0.77429,0.77752,0.74775,0.74969,0,1.20604,1.24866,1.20066,1.23936,0,0.89836,0.92619,0.89257,0.92508,0,109.492,111.135,109.189,111.129,0,0.72756,0.72876,0.69224,0.69951,0,1908.046,1916.502,1750.659,1768.169,0,28.067,28.535,25.52,26.078,0,66.85,74.14,66.775,73.096,0,89.776,92.435,89.652,92.353,0.0,90.777,91.178,87.96,89.656,0
2021-07-31,1.18558,1.19085,1.17516,1.18676,0,1.38283,1.39831,1.35718,1.39061,0,0.7497,0.75986,0.72893,0.73445,0,1.2394,1.2807,1.23024,1.24674,0,0.9251,0.92742,0.9039,0.90528,0,111.131,111.655,109.063,109.675,0,0.69956,0.71049,0.68806,0.69707,0,1768.199,1834.047,1765.699,1813.99,0,26.08,26.76,24.481,25.473,0,73.095,76.375,64.98,73.313,0,92.356,93.181,91.767,92.067,0.0,89.657,90.184,85.419,87.957,0
2021-08-31,1.18635,1.18995,1.16639,1.18097,0,1.38975,1.39573,1.36019,1.3752,0,0.73364,0.74262,0.71048,0.73173,0,1.24755,1.29483,1.24524,1.26161,0,0.90535,0.92419,0.90182,0.91534,0,109.661,110.798,108.72,110.053,0,0.69645,0.70881,0.68047,0.70504,0,1814.449,1831.713,1686.882,1814.469,0,25.484,25.988,22.211,23.891,0,73.397,73.483,61.785,68.336,0,92.094,93.717,91.803,92.643,0.0,87.884,88.455,84.667,87.223,0
2021-09-30,1.18096,1.19088,1.15624,1.15736,0,1.37521,1.39128,1.34109,1.34685,0,0.73175,0.74776,0.71699,0.72284,0,1.26164,1.28955,1.24932,1.26838,0,0.91535,0.93681,0.91151,0.93257,0,110.055,112.075,109.11,111.462,0,0.70506,0.71697,0.6859,0.68956,0,1814.482,1833.915,1721.609,1753.115,0,23.889,24.854,21.407,22.084,0,68.333,76.484,66.99,75.052,0,92.644,94.491,91.929,94.296,0.0,87.228,88.311,84.896,87.87,0
2021-10-31,1.15735,1.16918,1.15242,1.15559,0,1.34686,1.38341,1.34334,1.36822,0,0.72281,0.75551,0.71917,0.75174,0,1.26842,1.27383,1.22867,1.23832,0,0.93254,0.93373,0.91021,0.91615,0,111.46,114.696,110.82,114.234,0,0.68957,0.72179,0.68762,0.71749,0,1753.108,1813.683,1745.897,1780.063,0,22.087,24.81,21.978,23.76,0,75.044,84.948,74.04,82.111,0,94.296,94.548,93.263,94.176,0.0,87.866,93.015,87.178,92.24,0
2021-11-30,1.1556,1.16161,1.11859,1.13298,0,1.36824,1.36981,1.31937,1.3295,0,0.75177,0.75357,0.70624,0.71245,0,1.23835,1.28369,1.23514,1.27742,0,0.91616,0.93732,0.90856,0.91952,0,114.236,115.518,112.53,113.29,0,0.71753,0.71976,0.67722,0.68234,0,1780.058,1877.104,1758.632,1773.244,0,23.762,25.387,22.679,22.787,0,82.115,83.944,64.291,66.75,0,94.175,96.925,93.798,95.951,0.0,92.243,92.483,88.021,88.669,0
2021-12-31,1.13299,1.13861,1.12216,1.13831,0,1.32952,1.355,1.31602,1.35327,0,0.71245,0.72772,0.69926,0.72693,0,1.27739,1.29633,1.26075,1.26419,0,0.91949,0.92941,0.91017,0.91174,0,113.3,115.207,112.557,115.089,0,0.68235,0.68675,0.6701,0.68444,0,1773.247,1828.76,1753.148,1827.652,0,22.789,23.419,21.414,23.258,0,66.753,77.226,62.307,75.131,0,95.953,96.904,95.554,95.581,0.0,88.684,91.251,87.436,91.027,0
2022-01-31,1.13728,1.14826,1.11212,1.12291,0,1.35261,1.37487,1.33577,1.34445,0,0.72639,0.73139,0.69672,0.70678,0,1.26363,1.28134,1.24495,1.27172,0,0.91136,0.93428,0.90913,0.92706,0,115.042,116.349,113.467,115.109,0,0.6832,0.68903,0.6529,0.65767,0,1830.652,1853.822,1780.24,1797.775,0,23.327,24.686,21.941,22.471,0,75.493,88.198,74.098,87.511,0,95.641,97.426,94.611,96.652,0.0,91.046,92.174,89.567,90.498,0
2022-02-28,1.1229,1.14947,1.11061,1.12142,0,1.34444,1.36434,1.32725,1.34217,0,0.70676,0.72836,0.7033,0.72583,0,1.2717,1.28771,1.26356,1.26666,0,0.92708,0.92966,0.91501,0.91754,0,115.118,116.336,114.157,115.056,0,0.65763,0.68091,0.65655,0.67656,0,1797.773,1974.369,1788.596,1906.305,0,22.47,25.604,21.995,24.406,0,87.514,99.955,85.728,95.055,0,96.653,97.727,95.121,96.726,0.0,90.512,91.702,89.229,90.832,0
2022-03-31,1.1214,1.12328,1.08058,1.10725,0,1.34215,1.34371,1.29993,1.31452,0,0.72585,0.75396,0.71645,0.74911,0,1.26664,1.29007,1.24291,1.25016,0,0.91755,0.94599,0.915,0.92318,0,115.083,125.101,114.647,121.744,0,0.67658,0.69981,0.67282,0.69304,0,1906.273,2070.367,1890.151,1936.74,0,24.404,26.935,23.96,24.787,0,95.041,126.461,92.33,100.019,0,96.73,99.408,96.61,98.303,0.0,90.847,100.185,89.654,97.372,0
2022-04-30,1.10726,1.10756,1.04711,1.05449,0,1.31453,1.31667,1.24111,1.25756,0,0.74913,0.76608,0.70546,0.70611,0,1.25019,1.28794,1.24023,1.28571,0,0.9232,0.97588,0.92204,0.97339,0,121.745,131.251,121.745,129.799,0,0.69307,0.70336,0.64513,0.64556,0,1936.741,1998.267,1872.012,1896.758,0,24.788,26.206,22.674,22.753,0,100.02,109.094,92.62,103.636,0,98.299,103.925,98.291,103.18,0.0,97.373,102.944,97.365,100.955,0
2022-05-31,1.05489,1.07863,1.03492,1.07338,0,1.25813,1.26664,1.21547,1.26092,0,0.70688,0.72657,0.68286,0.71821,0,1.28412,1.30763,1.26288,1.2637,0,0.97115,1.00643,0.95445,0.95959,0,129.747,131.344,126.358,128.734,0,0.64584,0.6568,0.62133,0.6518,0,1899.427,1909.664,1786.554,1836.441,0,22.842,23.272,20.447,21.536,0,103.529,118.63,97.569,113.684,0,103.105,105.005,101.166,101.749,0.0,101.047,101.99,97.794,101.856,0
2022-06-30,1.07341,1.07735,1.03589,1.0478,0,1.26094,1.26164,1.19338,1.216,0,0.71824,0.72825,0.68502,0.68973,0,1.26373,1.30786,1.25172,1.28722,0,0.95962,1.00495,0.94949,0.95511,0,128.735,136.998,128.735,135.797,0,0.65182,0.65757,0.61961,0.62386,0,1836.474,1878.929,1802.664,1806.586,0,21.541,22.503,20.161,20.251,0,113.7,121.321,101.14,104.728,0,101.748,105.783,101.626,104.739,0.0,101.858,107.201,101.649,105.481,0
2022-07-31,1.04782,1.04782,0.99521,1.02101,0,1.21602,1.22454,1.17599,1.21675,0,0.68975,0.70314,0.66813,0.69704,0,1.28725,1.32233,1.27883,1.28142,0,0.95508,0.98857,0.95016,0.95286,0,135.796,139.385,132.503,133.371,0,0.62389,0.63288,0.60602,0.62772,0,1806.59,1814.203,1680.848,1762.178,0,20.254,20.357,18.139,20.207,0,104.718,109.5,88.318,97.036,0,104.738,109.286,104.738,105.967,0.0,105.487,107.638,103.359,104.064,0
2022-08-31,1.02102,1.03683,0.98988,1.00376,0,1.21676,1.22932,1.15931,1.15969,0,0.69705,0.71364,0.68256,0.68273,0,1.28143,1.31447,1.27273,1.31424,0,0.95284,0.98072,0.93706,0.97923,0,133.369,139.441,130.393,139.33,0,0.62774,0.64679,0.61017,0.61099,0,1762.209,1807.868,1705.578,1708.989,0,20.211,20.863,17.899,17.915,0,97.033,97.536,85.373,88.923,0,105.965,109.465,104.618,108.845,0.0,104.065,106.795,101.406,106.004,0
2022-09-30,1.00377,1.01976,0.95357,0.98015,0,1.1597,1.1738,1.03535,1.1163,0,0.68275,0.69156,0.63628,0.63997,0,1.31429,1.38363,1.29534,1.38294,0,0.97925,0.99656,0.94795,0.98721,0,139.329,145.899,139.056,144.728,0,0.61104,0.6161,0.55647,0.55967,0,1708.956,1735.118,1614.6,1661.0,0,17.912,20.002,17.554,19.025,0,88.919,90.118,76.158,79.258,0,108.848,114.777,107.659,112.157,0.0,106.0,110.626,104.56,104.642,0
2022-10-31,0.97974,1.00933,0.96315,0.98855,0,1.11654,1.16453,1.09232,1.14672,0,0.64046,0.6547,0.61698,0.6409,0,1.38151,1.39771,1.34951,1.36113,0,0.98508,1.01475,0.97804,1.00155,0,144.698,151.939,143.525,148.735,0,0.55976,0.58729,0.55115,0.58239,0,1664.046,1729.507,1616.999,1632.457,0,19.079,21.23,18.085,19.153,0,81.362,92.598,80.89,85.625,0,112.151,113.938,109.513,111.532,0.0,104.696,110.341,104.611,109.258,0
2022-11-30,0.98857,1.04966,0.97298,1.04207,0,1.14674,1.21533,1.11458,1.20748,0,0.64091,0.68007,0.6272,0.67984,0,1.36116,1.38079,1.32255,1.34137,0,1.00153,1.0147,0.93565,0.94384,0,148.734,148.821,137.304,137.324,0,0.58242,0.63154,0.57402,0.6313,0,1632.49,1786.509,1616.662,1773.369,0,19.154,22.397,18.823,22.339,0,85.612,92.901,73.636,80.591,0,111.53,113.144,105.282,105.764,0.0,109.26,109.299,101.355,102.369,0
2022-12-31,1.04226,1.07359,1.0393,1.07036,0,1.20747,1.24466,1.19923,1.20955,0,0.67984,0.68928,0.6629,0.68174,0,1.34143,1.37047,1.33848,1.35456,0,0.94386,0.94602,0.92,0.92448,0,137.313,138.171,130.565,131.108,0,0.63129,0.65134,0.62302,0.63511,0,1773.391,1833.344,1765.794,1823.547,0,22.34,24.285,22.017,23.948,0,80.587,83.275,70.258,80.4,0,105.77,105.893,103.371,103.459,0.0,102.384,102.513,95.845,96.773,0
2023-01-31,1.0691,1.09292,1.04804,1.08605,0,1.20695,1.24475,1.18411,1.23081,0,0.68029,0.71421,0.66876,0.70507,0,1.35334,1.36847,1.32984,1.33067,0,0.92297,0.94088,0.90851,0.91638,0,130.753,134.772,127.219,130.112,0,0.63228,0.653,0.61909,0.64367,0,1826.573,1949.154,1824.163,1927.373,0,24.004,24.534,22.748,23.668,0,80.309,82.655,72.631,79.284,0,103.476,105.628,101.486,102.098,0.0,96.296,99.073,94.632,97.749,0
2023-02-28,1.08603,1.10317,1.05328,1.05766,0,1.2308,1.24002,1.19147,1.20326,0,0.70508,0.71566,0.66979,0.67295,0,1.33074,1.36647,1.32619,1.36454,0,0.91636,0.94289,0.90584,0.94201,0,130.11,136.916,128.081,136.346,0,0.64366,0.65377,0.61308,0.61856,0,1927.367,1959.677,1804.528,1825.588,0,23.664,24.621,20.411,20.872,0,79.283,80.738,72.486,76.708,0,102.093,105.345,100.786,104.968,0.0,97.764,100.866,96.045,99.895,0
2023-03-31,1.05767,1.09295,1.0516,1.08422,0,1.20327,1.24227,1.18028,1.23297,0,0.67299,0.67832,0.65639,0.66846,0,1.36452,1.3861,1.35072,1.35159,0,0.94202,0.944,0.90712,0.91514,0,136.344,137.908,129.638,132.804,0,0.61852,0.62972,0.6084,0.62543,0,1825.59,2009.743,1809.409,1969.414,0,20.87,24.151,19.891,24.089,0,76.706,80.969,64.366,75.706,0,104.963,105.874,101.897,102.582,0.0,99.908,100.621,94.069,98.234,0
2023-04-30,1.08413,1.10952,1.0788,1.10104,0,1.23221,1.25837,1.22742,1.25578,0,0.66836,0.68055,0.65736,0.66098,0,1.34908,1.36674,1.33009,1.35606,0,0.91434,0.91961,0.88518,0.8947,0,133.26,136.558,130.627,136.402,0,0.62547,0.63759,0.61096,0.61705,0,1966.312,2048.672,1949.654,1986.933,0,24.052,26.073,23.56,24.977,0,81.024,83.38,73.856,75.992,0,102.631,103.055,100.775,101.727,0.0,98.699,100.668,97.093,100.586,0
2023-05-31,1.10107,1.10914,1.0635,1.06932,0,1.2558,1.26796,1.23079,1.24451,0,0.66099,0.68178,0.6458,0.65058,0,1.35608,1.36545,1.33145,1.35664,0,0.89472,0.91472,0.88198,0.90997,0,136.401,140.929,133.497,139.137,0,0.61708,0.63842,0.59849,0.60227,0,1986.965,2080.004,1932.08,1966.282,0,24.978,26.121,22.669,23.536,0,76.003,76.185,66.152,67.787,0,101.725,104.693,101.019,104.153,0.0,100.58,103.58,98.383,102.552,0
2023-06-30,1.06933,1.10121,1.06616,1.09107,0,1.24452,1.2848,1.23684,1.26969,0,0.65058,0.68991,0.64842,0.66607,0,1.35667,1.35847,1.31164,1.32477,0,0.90998,0.91193,0.89014,0.89516,0,139.135,145.066,138.422,144.284,0,0.60229,0.62472,0.59901,0.61366,0,1966.313,1983.37,1892.984,1919.371,0,23.534,24.515,22.1,22.762,0,67.768,74.303,66.936,70.509,0,104.151,104.494,101.875,102.911,0.0,102.548,109.496,102.434,108.896,0
2023-07-31,1.09106,1.12755,1.08335,1.09964,0,1.26948,1.3142,1.26583,1.28314,0,0.6659,0.68945,0.65988,0.67154,0,1.32396,1.33867,1.30922,1.31938,0,0.8942,0.90039,0.85522,0.87173,0,144.318,144.91,137.234,142.325,0,0.61283,0.64113,0.61204,0.62027,0,1918.589,1987.458,1902.656,1963.944,0,22.759,25.253,22.515,24.726,0,70.524,81.767,69.756,81.412,0,102.912,103.572,99.545,101.887,0.0,108.944,109.38,104.208,107.858,0
2023-08-31,1.09964,1.10646,1.07656,1.08421,0,1.28315,1.28383,1.25478,1.26709,0,0.67157,0.67231,0.63646,0.6486,0,1.31941,1.36396,1.31854,1.35099,0,0.87174,0.8876,0.869,0.8833,0,142.325,147.371,141.513,145.483,0,0.62029,0.62167,0.58858,0.59736,0,1963.913,1964.665,1884.659,1939.862,0,24.724,24.999,22.214,24.417,0,81.413,84.3,77.516,83.216,0,101.888,104.441,101.733,103.628,0.0,107.858,108.271,105.823,107.673,0
2023-09-30,1.0842,1.08816,1.04879,1.05737,0,1.26709,1.27125,1.21102,1.22031,0,0.6486,0.65215,0.63312,0.64332,0,1.35102,1.36942,1.33802,1.35771,0,0.88331,0.9225,0.87951,0.91501,0,145.485,149.704,144.441,149.328,0,0.59735,0.60482,0.58587,0.59974,0,1939.866,1952.876,1846.319,1848.833,0,24.419,24.809,22.104,22.175,0,83.216,93.955,83.151,89.891,0,103.629,106.833,103.261,106.153,0.0,107.673,111.158,106.672,109.971,0
2023-10-31,1.05691,1.06942,1.0448,1.05777,0,1.2191,1.2337,1.20372,1.21502,0,0.64215,0.64448,0.62699,0.63365,0,1.35677,1.38919,1.35601,1.38775,0,0.91453,0.92443,0.88879,0.91001,0,149.563,151.708,147.289,151.322,0,0.59912,0.6055,0.57729,0.58065,0,1847.322,2009.364,1810.44,1983.706,0,22.131,23.687,20.676,22.824,0,90.011,90.859,80.509,81.084,0,106.204,107.345,105.337,106.667,0.0,110.144,110.351,107.477,109.029,0
2023-11-30,1.05778,1.10169,1.05164,1.08916,0,1.21503,1.27331,1.20955,1.26301,0,0.63364,0.6676,0.63179,0.66062,0,1.38778,1.38986,1.35408,1.35565,0,0.91003,0.91117,0.8684,0.87474,0,151.32,151.907,146.669,147.981,0,0.58067,0.62078,0.57885,0.61558,0,1983.707,2052.065,1921.482,2039.987,0,22.821,25.354,21.871,25.349,0,81.089,83.342,72.377,75.702,0,106.666,107.113,102.457,103.441,0.0,109.026,110.663,107.224,109.145,0
2023-12-31,1.08916,1.11393,1.07228,1.10371,0,1.26306,1.28275,1.24998,1.2731,0,0.66063,0.68706,0.65255,0.68106,0,1.35566,1.36189,1.31761,1.32499,0,0.87472,0.88204,0.83051,0.84151,0,147.998,148.344,140.249,141.005,0,0.61562,0.63688,0.60837,0.63176,0,2040.113,2144.685,1973.071,2062.875,0,25.351,25.91,22.5,23.782,0,75.702,76.767,67.971,71.433,0,103.445,104.285,100.608,101.365,0.0,109.158,109.643,104.212,106.408,0
2024-01-31,1.10193,1.10403,1.07946,1.08038,0,1.27377,1.27854,1.25963,1.26793,0,0.67931,0.68379,0.65247,0.65626,0,1.32195,1.3541,1.3218,1.34315,0,0.8381,0.87279,0.83724,0.86234,0,140.699,148.803,140.643,146.984,0,0.62895,0.63177,0.60615,0.61119,0,2064.889,2078.919,2001.801,2039.899,0,23.826,24.084,21.917,22.896,0,72.134,78.997,69.428,75.792,0,101.315,103.816,101.275,103.606,0.0,106.225,110.385,106.062,109.428,0
2024-02-29,1.08039,1.08973,1.06948,1.08049,0,1.26794,1.27719,1.25176,1.26252,0,0.65626,0.66098,0.64424,0.64981,0,1.34318,1.36054,1.33653,1.35707,0,0.86233,0.88852,0.85531,0.88451,0,147.006,150.884,145.892,150.066,0,0.61121,0.62174,0.60378,0.60831,0,2039.934,2065.495,1984.159,2044.093,0,22.898,23.489,21.925,22.654,0,75.793,79.274,71.45,77.85,0,103.608,104.968,102.893,104.126,0.0,109.439,111.79,108.814,110.573,0
2024-03-31,1.08056,1.09809,1.0768,1.07915,0,1.26265,1.28934,1.25748,1.26356,0,0.64999,0.66671,0.64774,0.65122,0,1.3568,1.36134,1.34196,1.3532,0,0.88439,0.90711,0.87297,0.90225,0,150.064,151.97,146.478,151.36,0,0.60866,0.62162,0.59559,0.59846,0,2044.265,2247.357,2039.077,2244.983,0,22.654,25.763,22.497,25.142,0,77.857,83.046,76.496,82.8,0,104.117,104.72,102.316,104.438,0.0,110.591,112.282,108.671,111.965,0
2024-04-30,1.07929,1.08847,1.06006,1.06691,0,1.26372,1.27092,1.2299,1.24934,0,0.65333,0.66439,0.6362,0.64721,0,1.35215,1.38454,1.34775,1.3779,0,0.902,0.91948,0.89977,0.91936,0,151.399,160.225,150.809,157.734,0,0.59854,0.60822,0.58516,0.58774,0,2246.013,2431.565,2228.494,2287.434,0,25.157,29.782,24.731,26.286,0,82.809,87.107,80.612,80.947,0,104.469,106.503,103.868,106.3,0.0,111.957,117.331,110.86,114.35,0
2024-05-31,1.0666,1.08948,1.06492,1.08485,0,1.24888,1.28007,1.24442,1.27417,0,0.64744,0.67136,0.64649,0.66529,0,1.37772,1.37826,1.35894,1.36265,0,0.91962,0.92239,0.89881,0.90231,0,157.735,157.983,151.854,157.244,0,0.58769,0.61695,0.58764,0.6143,0,2291.293,2450.064,2277.126,2327.23,0,26.337,32.499,26.002,30.394,0,81.028,81.225,76.027,77.127,0,106.308,106.473,104.059,104.577,0.0,114.453,115.477,111.295,115.402,0
2024-06-30,1.08472,1.09156,1.06657,1.07346,0,1.2734,1.286,1.26125,1.26481,0,0.66466,0.67039,0.65739,0.66732,0,1.36255,1.37911,1.36023,1.3674,0,0.90208,0.90352,0.88264,0.90033,0,157.121,161.284,154.546,160.923,0,0.61327,0.62213,0.60571,0.60979,0,2328.533,2387.739,2286.761,2324.968,0,30.442,31.531,28.559,29.083,0,76.677,82.308,72.466,81.284,0,104.579,106.114,103.973,105.706,0.0,115.314,117.73,112.953,117.674,0
2024-07-31,1.07347,1.09479,1.07098,1.08237,0,1.26482,1.30442,1.26154,1.28525,0,0.66733,0.67981,0.64794,0.65481,0,1.3674,1.38644,1.35885,1.38079,0,0.90032,0.905,0.87704,0.87821,0,160.922,161.948,149.607,149.786,0,0.60981,0.61529,0.58573,0.59509,0,2324.989,2483.772,2318.475,2445.777,0,29.081,31.739,27.295,29.034,0,81.281,83.928,74.229,77.937,0,105.705,106.036,103.625,104.036,0.0,117.675,118.852,108.338,108.458,0
2024-08-31,1.08232,1.12014,1.07769,1.10475,0,1.28522,1.3266,1.26645,1.31272,0,0.65481,0.68235,0.63483,0.67651,0,1.38078,1.39461,1.34407,1.34931,0,0.87822,0.87825,0.83998,0.84999,0,149.788,150.89,141.681,146.18,0,0.59508,0.62983,0.58498,0.62484,0,2445.759,2531.701,2364.3,2503.366,0,29.027,30.175,26.434,28.845,0,77.938,78.779,71.17,73.153,0,104.037,104.43,100.493,101.69,0.0,108.463,109.214,101.649,108.316,0
2024-09-30,1.10477,1.12138,1.10016,1.11364,0,1.31262,1.34341,1.30017,1.3377,0,0.67603,0.69423,0.66219,0.69151,0,1.34828,1.3647,1.34191,1.35254,0,0.84912,0.85494,0.83744,0.84532,0,146.034,147.207,139.577,143.713,0,0.62401,0.63782,0.61059,0.63442,0,2502.509,2685.635,2471.892,2635.658,0,28.787,32.7,27.672,31.229,0,72.867,73.883,64.752,68.129,0,101.613,101.898,100.131,100.734,0.0,108.29,109.041,102.805,106.243,0
2024-10-31,1.11364,1.11438,1.07609,1.08835,0,1.33771,1.33894,1.28432,1.28965,0,0.6915,0.69343,0.65367,0.65764,0,1.35253,1.39448,1.3472,1.39348,0,0.84534,0.86996,0.84309,0.86355,0,143.711,153.881,142.965,151.981,0,0.63441,0.63469,0.59395,0.59704,0,2635.683,2790.115,2602.296,2746.715,0,31.228,34.853,30.109,32.651,0,68.13,77.931,66.169,70.319,0,100.733,104.62,100.676,103.869,0.0,106.242,110.714,105.837,109.054,0
2024-11-30,1.08835,1.0937,1.03318,1.05768,0,1.28964,1.30476,1.24869,1.27345,0,0.65765,0.66875,0.64338,0.65132,0,1.39347,1.41776,1.38209,1.4001,0,0.86353,0.8957,0.86149,0.88105,0,151.978,156.748,149.462,149.669,0,0.59703,0.60371,0.57968,0.592,0,2746.696,2762.274,2536.771,2655.186,0,32.654,33.108,29.63,30.597,0,70.324,72.542,66.551,68.478,0,103.869,108.098,103.309,105.73,0.0,109.057,111.548,106.764,106.856,0
2024-12-31,1.05694,1.06292,1.03428,1.0353,0,1.2722,1.28111,1.24743,1.25124,0,0.65087,0.65131,0.61788,0.61876,0,1.39872,1.44666,1.3986,1.43817,0,0.87995,0.908,0.87357,0.90752,0,149.59,158.081,148.64,157.21,0,0.59076,0.59132,0.55874,0.55934,0,2649.06,2726.23,2583.333,2624.405,0,30.504,32.313,28.733,28.898,0,68.028,71.76,66.792,71.561,0,105.762,108.568,105.399,108.451,0.0,106.92,109.894,105.759,109.304,0
2025-01-31,1.03511,1.05329,1.01769,1.03586,0,1.25081,1.25757,1.20993,1.2392,0,0.61841,0.63302,0.61308,0.62103,0,1.43799,1.45945,1.4261,1.4527,0,0.90552,0.92006,0.89649,0.9112,0,157.057,158.877,153.711,155.202,0,0.55919,0.57227,0.5541,0.56366,0,2625.203,2817.268,2614.45,2799.372,0,28.942,31.724,28.928,31.296,0,71.726,79.376,71.526,73.333,0,108.412,110.161,106.939,108.447,0.0,109.208,110.451,105.748,106.763,0
2025-02-28,1.02408,1.05285,1.02105,1.0375,0,1.23083,1.27156,1.2249,1.25769,0,0.61618,0.64081,0.60874,0.62082,0,1.47244,1.47927,1.41506,1.44669,0,0.9134,0.91963,0.89118,0.90308,0,154.756,155.885,148.558,150.619,0,0.55855,0.57721,0.55159,0.55975,0,2801.042,2956.205,2772.178,2858.266,0,31.314,33.384,30.672,31.141,0,73.765,74.237,68.278,69.771,0,109.373,109.862,106.102,107.498,0.0,105.173,108.302,103.192,104.089,0
2025-03-31,1.03993,1.09545,1.03884,1.08173,0,1.25733,1.30146,1.25723,1.29189,0,0.62052,0.63907,0.61869,0.62399,0,1.44434,1.45425,1.42347,1.43905,0,0.90207,0.90307,0.87554,0.88391,0,150.673,151.302,146.539,149.945,0,0.55914,0.58306,0.55914,0.56684,0,2873.643,3128.189,2858.854,3120.605,0,31.164,34.573,31.11,34.032,0,69.911,71.56,64.993,71.117,0,107.323,107.38,103.173,104.157,0.0,104.24,105.853,101.367,104.185,0
2025-04-30,1.08172,1.15732,1.07781,1.13219,0,1.29193,1.34441,1.27078,1.33207,0,0.62398,0.64494,0.59138,0.641,0,1.43904,1.44147,1.37696,1.37937,0,0.8839,0.88482,0.80389,0.8261,0,149.942,150.401,139.881,143.02,0,0.56684,0.60287,0.54849,0.59353,0,3120.593,3500.057,2956.326,3272.911,0,34.032,34.198,28.299,32.61,0,71.12,71.984,54.769,58.064,0,104.156,104.348,97.899,99.657,0.0,104.186,105.442,101.247,103.696,0
2025-05-31,1.13221,1.14187,1.10649,1.13474,0,1.33206,1.35932,1.31396,1.34524,0,0.641,0.6537,0.63565,0.6432,0,1.37934,1.40158,1.36858,1.37391,0,0.82611,0.84756,0.81853,0.8227,0,143.017,148.65,142.11,144.049,0,0.59354,0.60311,0.58462,0.59642,0,3272.946,3435.04,3120.673,3289.689,0,32.603,33.688,31.637,32.968,0,58.065,64.023,55.362,60.293,0,99.656,101.97,98.682,99.407,0.0,103.697,106.242,102.995,104.837,0
2025-06-30,1.13473,1.17905,1.13458,1.17861,0,1.34539,1.37704,1.33702,1.37304,0,0.64302,0.65834,0.63724,0.65761,0,1.37327,1.37977,1.35397,1.36063,0,0.8221,0.825,0.79272,0.79283,0,143.815,148.031,142.373,143.806,0,0.59584,0.60982,0.58825,0.60906,0,3303.137,3451.283,3247.945,3312.465,0,33.05,37.304,32.943,36.145,0,61.626,76.281,61.248,64.305,0,99.384,99.413,96.728,96.748,0.0,104.646,107.33,103.826,105.681,0
2025-07-31,1.17864,1.18298,1.13995,1.14215,0,1.37305,1.37884,1.31851,1.32074,0,0.65763,0.66248,0.64215,0.64273,0,1.36065,1.38705,1.35561,1.38577,0,0.79282,0.81506,0.78718,0.81396,0,143.808,150.879,142.679,150.805,0,0.60906,0.61198,0.58834,0.58864,0,3312.47,3438.945,3268.058,3288.675,0,36.151,39.516,35.796,36.673,0,64.304,70.019,64.066,68.806,0,96.746,100.093,96.356,100.021,0.0,105.678,108.921,104.841,108.813,0
2025-08-31,1.14216,1.17423,1.13911,1.16898,0,1.32073,1.35947,1.31409,1.35029,0,0.64272,0.65684,0.64143,0.65427,0,1.38576,1.39242,1.37213,1.37387,0,0.81398,0.81707,0.79854,0.80063,0,150.804,150.918,146.213,147.118,0,0.58861,0.59952,0.57995,0.58955,0,3288.631,3453.948,3281.614,3447.976,0,36.672,39.956,36.349,39.781,0,68.812,68.972,61.343,63.715,0,100.019,100.249,97.544,97.824,0.0,108.81,108.942,105.932,107.072,0
2025-09-30,1.16897,1.19184,1.16076,1.17348,0,1.35028,1.37263,1.33232,1.34423,0,0.65428,0.67067,0.6483,0.66104,0,1.37388,1.39581,1.37262,1.39238,0,0.80065,0.80717,0.7829,0.79642,0,147.12,149.953,145.479,148.022,0,0.58956,0.60067,0.57538,0.57947,0,3447.936,3871.722,3437.052,3862.951,0,39.78,47.171,39.743,46.707,0,63.712,66.19,61.202,62.298,0,97.825,98.626,96.204,97.826,0.0,107.078,108.022,105.97,106.3,0
2025-10-31,1.17346,1.17783,1.15212,1.15365,0,1.34421,1.35273,1.30965,1.31495,0,0.66105,0.66288,0.64401,0.65449,0,1.39237,1.40794,1.38876,1.40103,0,0.79644,0.80759,0.78727,0.80449,0,148.024,154.444,146.587,154.01,0,0.57948,0.58444,0.56822,0.57244,0,3862.964,4381.641,3819.359,4001.645,0,46.705,54.463,45.544,48.667,0,62.295,62.687,55.959,60.698,0,97.828,99.835,97.442,99.708,0.0,106.306,110.377,105.187,109.923,0
2025-11-30,1.15302,1.16559,1.14684,1.15964,0,1.31346,1.32686,1.30097,1.32301,0,0.65441,0.65799,0.64211,0.65491,0,1.40078,1.41399,1.39369,1.39617,0,0.80421,0.81239,0.78779,0.80343,0,154.079,157.894,152.809,156.121,0,0.57195,0.57418,0.55804,0.573,0,3990.743,4245.356,3928.834,4219.203,0,48.631,56.515,46.866,56.393,0,61.169,61.294,57.028,59.428,0,99.729,100.396,98.977,99.339,0.0,109.892,112.276,108.191,111.489,0
2025-12-31,1.16007,1.18077,1.15893,1.17456,0,1.32392,1.35338,1.31791,1.34736,0,0.65511,0.6727,0.65373,0.66729,0,1.397,1.40141,1.3642,1.37242,0,0.80334,0.80852,0.78598,0.79249,0,155.906,157.771,154.34,156.588,0,0.57354,0.58526,0.57105,0.57556,0,4223.14,4550.248,4163.59,4318.879,0,56.999,83.944,56.443,71.64,0,59.26,60.241,54.883,57.302,0,99.426,99.559,97.738,98.259,0.0,111.593,114.627,110.592,114.095,0
2026-01-31,1.17451,1.2083,1.15763,1.18498,0,1.34601,1.38701,1.33363,1.36846,0,0.66699,0.7094,0.66625,0.69643,0,1.37201,1.39281,1.34813,1.36182,0,0.7922,0.80403,0.76036,0.77291,0,156.664,159.451,152.088,154.743,0,0.57557,0.60919,0.57106,0.60198,0,4328.345,5595.345,4309.693,4891.568,0,72.025,121.655,71.41,84.988,0,57.428,66.238,55.677,65.469,0,98.238,99.426,95.492,97.114,0.0,114.181,115.42,111.725,113.624,0
2026-02-28,1.18461,1.18565,1.18394,1.18457,0,1.36802,1.36909,1.36615,1.36757,0,0.69484,0.6953,0.69206,0.69434,0,1.36073,1.36571,1.36049,1.36381,0,0.77161,0.77469,0.77128,0.77369,0,154.812,155.508,154.781,155.217,0,0.6011,0.60235,0.59926,0.60079,0,4793.603,4819.812,4697.936,4741.964,0,81.917,82.621,76.881,81.648,0,63.405,63.686,62.746,63.039,0,97.118,97.277,97.114,97.208,0.0,113.72,114.111,113.673,113.782,0
